timestamp	experiment	hypothesis	decision	evidence	commit
2026-10-07T04:51:12.473730+00:00	01	SSR 날짜 표기를 로딩 후 생성하면 hydration 오류 제거	KEEP	4개 환경 리포트 콘솔 로그 8→0, hydration 회귀 테스트 통과	4913489
2026-10-07T04:53:07.537806+00:00	02	네이티브 modal로 배경 상호작용 차단	KEEP	배경 스크롤 차단 0→2, Tab 경계는 미달해 후속 실험 진행	14b235f
2026-10-07T04:53:07.540027+00:00	03	최상위 modal에서 Tab 경계와 Escape 전파 제어	KEEP	드로어·확인 창 경계 0→4; 중첩/처리중 회귀 테스트 2개 통과	55b210b
2026-10-07T04:54:50.271075+00:00	04	셸 내비게이션에 modal/본문 바로가기/현재 위치 제공	KEEP	메뉴 7/7, 전체 키보드 19/19 통과	f5820d3
2026-10-07T04:54:50.276856+00:00	05	입력·진행률·스크롤 영역 명명과 저장 알림 제공	KEEP	대상 12개 화면 조건 이름 누락·progressbar·스크롤 접근성 위반 0	18ee7da
2026-10-07T04:55:17.827017+00:00	06	소형 화면 폼 줄바꿈과 Enter 제출	KEEP	320px 넘침 2→0, 상호작용 27/27 통과	beeed1b
2026-10-07T04:59:33.812726+00:00	07	보조 글자 색상 토큰 대비 개선	KEEP	동일 12개 조건 대비 위반 노드 357→190; AI SEO 다크 대비 통과	333147a
2026-10-07T04:59:33.813017+00:00	08	배지/버튼의 표면과 글자를 테마별 짝으로 정의	KEEP	다크 6개 중 5개 화면 대비 통과; 라이트 설정·구독 대비 통과	a3631d1
2026-10-07T05:02:03.358853+00:00	09	모델 및 차트 색상의 테마별 가독성 유지	KEEP	대시보드 다크/모바일 3조건 대비 위반 0, 라이트 정착 후 남은 위반 후속 검사	fe47fb0
2026-10-07T05:02:03.359098+00:00	10	장식 숫자의 접근성 트리 제외	REVERT	4조건 모두 대비 위반 4개 유지; 4158947에서 실험만 되돌림	d7a15cd
2026-10-07T05:02:03.359106+00:00	11	내보내기 링크의 테마별 전경색	KEEP	팀 공유 4조건 대비 위반 0	7cd1975
2026-10-07T05:02:03.359112+00:00	12	장식 숫자의 실제 대비를 높임	KEEP	학습 센터 4조건 대비 위반 4→0	7195f15
2026-10-07T05:05:25.150321+00:00	QA-13	닫았다 연 확인 창의 확인 문구 초기화	FIX	추가 회귀 테스트가 수정 전 실패, 수정 후 통과; 고정 점수와 별도 안전성 검증	4fc0417
2026-10-07T05:05:25.151103+00:00	QA-14	라이트 모드의 실제 키보드 초점·비용 안내문 대비	FIX	본문 바로가기 배경/글자 동일색 재현, 예약 안내문 대비 1.12:1 재현	f1d4983
2026-10-07T05:08:06.482013+00:00	QA-15	비동기 실행 버튼의 초점 손실 후 중첩 창 복귀	FIX	실제 브라우저에서 닫힌 뒤 body 초점 재현; 부모의 마지막 초점 기록으로 복구, 회귀 테스트 통과	c5e8b9e
